open_time,open,high,low,close,volume,close_time,quote_volume,trades,taker_buy_base_volume,taker_buy_quote_volume,symbol,open_time_formatted,close_time_formatted
1764028800000,88300.01,88519.99,86116.0,87369.96,19567.0411,1764115199999,1708989000.038937,4838747,9423.17985,823123525.1402559,BTCUSDT,2025-11-25,2025-11-25 23:59:59.999
1764115200000,87369.97,90656.08,86306.77,90484.02,21675.82239,1764201599999,1916851896.6699688,4668280,10883.61063,962765375.8163832,BTCUSDT,2025-11-26,2025-11-26 23:59:59.999
1764201600000,90484.01,91950.0,90089.91,91333.95,16833.50932,1764287999999,1535778106.5787077,3920172,8898.35835,812005498.7594875,BTCUSDT,2025-11-27,2025-11-27 23:59:59.999
1764288000000,91333.94,93092.0,90180.63,90890.7,18830.86012,1764374399999,1721418035.0795596,4229754,8961.64712,820315728.918691,BTCUSDT,2025-11-28,2025-11-28 23:59:59.999
1764374400000,90890.71,91165.65,90155.47,90802.44,7429.88291,1764460799999,673725652.9787655,1677860,3359.04932,304614219.1452583,BTCUSDT,2025-11-29,2025-11-29 23:59:59.999
1764460800000,90802.44,92000.01,90336.9,90360.0,9687.74175,1764547199999,884051773.1655338,2154030,5002.96698,456606490.1203246,BTCUSDT,2025-11-30,2025-11-30 23:59:59.999
1764547200000,90360.01,90417.0,83822.76,86286.01,34509.01227,1764633599999,2977024047.2231607,7709685,15524.33346,1338718794.0013123,BTCUSDT,2025-12-01,2025-12-01 23:59:59.999
1764633600000,86286.01,92307.65,86184.39,91277.88,28210.22732,1764719999999,2519515177.662365,6397299,13512.33949,1206199898.294151,BTCUSDT,2025-12-02,2025-12-02 23:59:59.999
1764720000000,91277.88,94150.0,90990.23,93429.95,25712.52585,1764806399999,2386223626.86139,6733182,12993.19312,1206219500.4577343,BTCUSDT,2025-12-03,2025-12-03 23:59:59.999
1764806400000,93429.95,94080.0,90889.0,92078.06,19803.94059,1764892799999,1836645629.33462,5856049,8312.69539,770992235.207992,BTCUSDT,2025-12-04,2025-12-04 23:59:59.999
1764892800000,92078.06,92692.36,88056.0,89330.04,19792.97218,1764979199999,1788436983.8106546,5520352,8722.13995,787809723.7213238,BTCUSDT,2025-12-05,2025-12-05 23:59:59.999
1764979200000,89330.04,90289.97,88908.01,89236.79,8409.50016,1765065599999,753420679.8063259,2482221,4041.72834,362232786.2695714,BTCUSDT,2025-12-06,2025-12-06 23:59:59.999
1765065600000,89236.8,91760.0,87719.28,90395.31,13021.11185,1765151999999,1167866486.8455212,3953071,6370.56683,571547237.856767,BTCUSDT,2025-12-07,2025-12-07 23:59:59.999
1765152000000,90395.32,92287.15,89612.0,90634.34,15793.63887,1765238399999,1436920018.8936133,5458731,7296.74328,663654575.4521835,BTCUSDT,2025-12-08,2025-12-08 23:59:59.999
1765238400000,90634.35,94588.99,89500.0,92678.8,21240.43014,1765324799999,1956261065.6071732,5940223,10517.75959,969426006.1222628,BTCUSDT,2025-12-09,2025-12-09 23:59:59.999
1765324800000,92678.81,94476.0,91563.15,92015.37,18998.68083,1765411199999,1758773276.2478049,6025707,9197.33116,852012295.3967115,BTCUSDT,2025-12-10,2025-12-10 23:59:59.999
1765411200000,92015.38,93555.0,89260.63,92513.38,19972.58758,1765497599999,1814322119.0658488,6250438,9150.89797,831529923.8088819,BTCUSDT,2025-12-11,2025-12-11 23:59:59.999
1765497600000,92513.38,92754.0,89480.0,90268.42,16679.19169,1765583999999,1521683425.5648005,4956719,7986.68273,728724357.3886563,BTCUSDT,2025-12-12,2025-12-12 23:59:59.999
1765584000000,90268.43,90634.55,89766.39,90240.01,5895.70788,1765670399999,532250544.5904015,1363754,2237.9847,202065519.4961406,BTCUSDT,2025-12-13,2025-12-13 23:59:59.999
1765670400000,90240.0,90472.4,87577.36,88172.17,9416.94004,1765756799999,839079130.8378651,3115749,4005.70835,356905157.3266693,BTCUSDT,2025-12-14,2025-12-14 23:59:59.999
1765756800000,88172.16,90052.64,85146.64,86432.08,19778.6919,1765843199999,1732823429.5017288,6747167,9592.41076,840349649.3250623,BTCUSDT,2025-12-15,2025-12-15 23:59:59.999
1765843200000,86432.08,88175.98,85266.0,87863.42,18456.05017,1765929599999,1604673428.6527836,6099692,9065.97746,788731082.46646,BTCUSDT,2025-12-16,2025-12-16 23:59:59.999
1765929600000,87863.43,90365.85,85314.0,86243.22,19834.11729,1766015999999,1733348496.6703594,6058638,9277.27838,810618013.2566438,BTCUSDT,2025-12-17,2025-12-17 23:59:59.999
1766016000000,86243.23,89477.61,84450.01,85516.41,25405.41763,1766102399999,2204223872.6696463,6946947,12668.53838,1098646854.9700365,BTCUSDT,2025-12-18,2025-12-18 23:59:59.999
1766102400000,85516.41,89399.97,85110.24,88136.94,21256.65004,1766188799999,1863236625.932864,6482253,10880.14451,953886285.3647416,BTCUSDT,2025-12-19,2025-12-19 23:59:59.999
1766188800000,88136.95,88573.07,87795.76,88360.9,5123.13194,1766275199999,451919022.7277595,1174426,2456.37063,216687645.3292005,BTCUSDT,2025-12-20,2025-12-20 23:59:59.999
1766275200000,88360.91,89081.77,87600.04,88658.86,7132.87258,1766361599999,629720971.7866651,2030666,3450.39397,304712061.7980245,BTCUSDT,2025-12-21,2025-12-21 23:59:59.999
1766361600000,88658.87,90588.23,87900.0,88620.79,14673.2197,1766447999999,1310235631.747926,4847747,7269.61435,649186791.7715422,BTCUSDT,2025-12-22,2025-12-22 23:59:59.999
1766448000000,88620.79,88940.0,86601.9,87486.0,13910.32904,1766534399999,1219899607.2677548,4465080,6381.76747,559905195.8871304,BTCUSDT,2025-12-23,2025-12-23 23:59:59.999
1766534400000,87486.0,88049.89,86420.0,87669.45,9140.8432,1766620799999,797460526.4738462,2877239,4543.27331,396385690.4046026,BTCUSDT,2025-12-24,2025-12-24 23:59:59.999
1766620800000,87669.44,88592.74,86934.72,87225.27,7096.58235,1766707199999,622970453.6497647,1992172,3390.95708,297591128.7233041,BTCUSDT,2025-12-25,2025-12-25 23:59:59.999
1766707200000,87225.27,89567.75,86655.08,87369.56,18344.61505,1766793599999,1616722115.636646,4509482,8846.80613,780464877.7249064,BTCUSDT,2025-12-26,2025-12-26 23:59:59.999
1766793600000,87369.56,87984.0,87253.05,87877.01,4469.55156,1766879999999,391274205.274436,957536,2065.72405,180860481.2392424,BTCUSDT,2025-12-27,2025-12-27 23:59:59.999
1766880000000,87877.0,88088.75,87435.0,87952.71,4446.29285,1766966399999,390327299.1502763,1241426,2230.75216,195842128.1874143,BTCUSDT,2025-12-28,2025-12-28 23:59:59.999
1766966400000,87952.71,90406.08,86806.5,87237.13,19894.98575,1767052799999,1762011993.0377953,4793589,10079.10102,892298235.375502,BTCUSDT,2025-12-29,2025-12-29 23:59:59.999
1767052800000,87237.13,89400.0,86845.66,88485.49,13105.91001,1767139199999,1155016404.4786754,3542176,6561.56089,578303387.4025434,BTCUSDT,2025-12-30,2025-12-30 23:59:59.999
1767139200000,88485.5,89200.0,87250.0,87648.22,11558.62047,1767225599999,1019746835.2795268,2897396,5432.03408,479104976.9645489,BTCUSDT,2025-12-31,2025-12-31 23:59:59.999
1767225600000,87648.21,88919.45,87550.43,88839.04,6279.57133,1767311999999,552991635.2911001,1449281,3123.64536,275090077.2883817,BTCUSDT,2026-01-01,2026-01-01 23:59:59.999
1767312000000,88839.05,90961.81,88379.88,89995.13,17396.97301,1767398399999,1558958860.8870876,5010211,8929.35447,800380273.9640186,BTCUSDT,2026-01-02,2026-01-02 23:59:59.999
1767398400000,89995.14,90741.16,89314.01,90628.01,7057.46716,1767484799999,635514773.6093655,1684214,3791.72083,341479553.3015828,BTCUSDT,2026-01-03,2026-01-03 23:59:59.999
1767484800000,90628.01,91810.0,90628.0,91529.73,10426.5297,1767571199999,952160980.5212084,2207037,5320.99389,485918671.5920199,BTCUSDT,2026-01-04,2026-01-04 23:59:59.999
1767571200000,91529.74,94789.08,91514.81,93859.71,20673.59584,1767657599999,1927455243.548076,5485489,10892.9695,1015858751.9317029,BTCUSDT,2026-01-05,2026-01-05 23:59:59.999
1767657600000,93859.71,94444.44,91262.94,93747.97,18546.41829,1767743999999,1728045542.298375,5018686,8108.82157,755998193.3969632,BTCUSDT,2026-01-06,2026-01-06 23:59:59.999
1767744000000,93747.97,93747.97,90675.52,91364.16,14276.49025,1767830399999,1311906952.9749737,4340252,6714.86954,616889466.1481977,BTCUSDT,2026-01-07,2026-01-07 23:59:59.999
1767830400000,91364.16,91687.99,89311.0,91099.99,16132.79117,1767916799999,1460622501.2073882,4923472,8192.07574,741768676.9751914,BTCUSDT,2026-01-08,2026-01-08 23:59:59.999
1767916800000,91100.0,92082.55,89694.66,90641.28,15590.27939,1768003199999,1416907180.1870482,4155703,8512.4327,773999739.2375336,BTCUSDT,2026-01-09,2026-01-09 23:59:59.999
1768003200000,90641.27,90832.0,90404.0,90504.7,3104.11722,1768089599999,281321375.4802981,766357,1551.97383,140664759.4095869,BTCUSDT,2026-01-10,2026-01-10 23:59:59.999
1768089600000,90504.7,91283.89,90236.0,91013.65,5477.13594,1768175999999,497245863.9319499,1282029,2868.36168,260447706.8088716,BTCUSDT,2026-01-11,2026-01-11 23:59:59.999
1768176000000,91013.66,92519.95,90128.44,91296.2,16188.08268,1768262399999,1479964862.2693064,4099509,8092.5428,740004800.1807222,BTCUSDT,2026-01-12,2026-01-12 23:59:59.999
1768262400000,91296.2,96495.0,91042.66,95414.0,23021.51482,1768348799999,2149770801.117704,5025071,12405.23056,1159067162.248983,BTCUSDT,2026-01-13,2026-01-13 23:59:59.999
1768348800000,95413.99,97924.49,94559.28,96951.78,22851.89428,1768435199999,2201535821.648615,5346212,11974.98829,1154415462.597303,BTCUSDT,2026-01-14,2026-01-14 23:59:59.999
1768435200000,96951.78,97193.34,95134.48,95604.8,21725.81369,1768521599999,2093008182.8437335,4493095,10841.32767,1045103063.1114848,BTCUSDT,2026-01-15,2026-01-15 23:59:59.999
1768521600000,95604.81,95871.47,94293.46,95550.94,11167.7146,1768607999999,1064019408.0772514,2971559,5055.06952,481723178.0814679,BTCUSDT,2026-01-16,2026-01-16 23:59:59.999
1768608000000,95550.94,95639.45,95021.67,95147.77,4280.80137,1768694399999,408161941.6719079,1020527,2059.85283,196399075.9709701,BTCUSDT,2026-01-17,2026-01-17 23:59:59.999
1768694400000,95147.77,95531.12,93615.4,93673.14,6895.17819,1768780799999,654773743.2677118,1488785,3107.35604,295217762.8212793,BTCUSDT,2026-01-18,2026-01-18 23:59:59.999
1768780800000,93673.14,93673.14,91910.2,92631.0,14295.52747,1768867199999,1326770336.049047,3359066,6906.84245,640981004.8958122,BTCUSDT,2026-01-19,2026-01-19 23:59:59.999
1768867200000,92630.99,92870.0,87895.98,88427.66,22007.3261,1768953599999,1989676668.5941782,6064031,9629.19624,870936424.1390942,BTCUSDT,2026-01-20,2026-01-20 23:59:59.999
1768953600000,88427.66,90574.0,87263.53,89454.73,20617.50372,1769039999999,1837708115.3597033,6419053,10265.21302,915531751.0822006,BTCUSDT,2026-01-21,2026-01-21 23:59:59.999
1769040000000,89454.73,90359.99,88515.37,89559.67,10825.50492,1769126399999,969910623.3559886,3743412,5529.54766,495598490.5227897,BTCUSDT,2026-01-22,2026-01-22 23:59:59.999
1769126400000,89559.68,91224.99,88578.36,89600.26,13918.48919,1769212799999,1248772265.678843,4619907,6911.17668,620204414.132354,BTCUSDT,2026-01-23,2026-01-23 23:59:59.999
1769212800000,89600.26,89957.39,89162.08,89225.34,4226.56737,1769299199999,378464146.0918812,959854,1835.96939,164401193.4396937,BTCUSDT,2026-01-24,2026-01-24 23:59:59.999
1769299200000,89225.34,89319.13,86074.72,86670.36,14426.22019,1769385599999,1264233689.841581,3720178,6269.27657,549304584.5673954,BTCUSDT,2026-01-25,2026-01-25 23:59:59.999
1769385600000,86670.36,88860.0,86509.63,88347.08,17766.51453,1769471999999,1560135758.989215,4798083,9428.94206,827914390.6949898,BTCUSDT,2026-01-26,2026-01-26 23:59:59.999
1769472000000,88347.08,89523.16,87304.33,89250.0,13125.40425,1769558399999,1160026853.5895033,3787336,6722.86937,594388596.0572797,BTCUSDT,2026-01-27,2026-01-27 23:59:59.999
1769558400000,89249.99,90600.0,88833.65,89299.99,14332.18502,1769644799999,1283919840.851472,4385791,7015.44336,628761031.3151364,BTCUSDT,2026-01-28,2026-01-28 23:59:59.999
1769644800000,89300.0,89348.0,83383.33,84650.16,30431.38201,1769731199999,2610381587.9100037,5598749,12385.58906,1062920384.0760188,BTCUSDT,2026-01-29,2026-01-29 23:59:59.999
1769731200000,84650.16,84735.75,81118.0,84260.49,35195.84793,1769817599999,2918624066.481832,8998829,16749.59784,1389486785.106681,BTCUSDT,2026-01-30,2026-01-30 23:59:59.999
1769817600000,84260.5,84270.02,75719.9,78741.09,39491.89133,1769903999999,3155264093.623044,7384976,17959.61358,1435120245.9826965,BTCUSDT,2026-01-31,2026-01-31 23:59:59.999
1769904000000,78741.1,79424.0,75700.0,76968.21,25395.48168,1769990399999,1974920557.0473866,8001906,12031.74392,936095742.7402172,BTCUSDT,2026-02-01,2026-02-01 23:59:59.999
1769990400000,76968.22,79360.0,74604.0,78738.61,42273.59016,1770076799999,3260752444.4613295,10085578,21480.45115,1658977441.2234404,BTCUSDT,2026-02-02,2026-02-02 23:59:59.999
1770076800000,78738.6,79186.81,72945.5,75770.21,39120.10889,1770163199999,2986903008.574792,9199445,17304.88253,1324119396.4360397,BTCUSDT,2026-02-03,2026-02-03 23:59:59.999
1770163200000,75770.21,76971.52,71888.0,73165.83,38375.36,1770249599999,2852834631.5391464,10724002,17274.35569,1284664768.8290725,BTCUSDT,2026-02-04,2026-02-04 23:59:59.999
1770249600000,73165.84,73341.18,62345.0,62909.86,106298.82899,1770335999999,7198745594.280694,15364010,49042.65006,3325749503.0332394,BTCUSDT,2026-02-05,2026-02-05 23:59:59.999
1770336000000,62909.87,71751.33,60000.0,70580.26,92539.21531,1770422399999,6134056670.6115055,13228528,49477.51198,3288426149.2806883,BTCUSDT,2026-02-06,2026-02-06 23:59:59.999
1770422400000,70580.26,71690.07,67300.0,69289.38,44255.48036,1770508799999,3058983879.0691524,7167427,18766.22233,1298989823.429441,BTCUSDT,2026-02-07,2026-02-07 23:59:59.999
1770508800000,69289.37,72271.41,68888.0,70330.38,21420.53168,1770595199999,1510003758.652842,4870449,11435.75238,805898867.2818197,BTCUSDT,2026-02-08,2026-02-08 23:59:59.999
1770595200000,70330.38,71453.53,68308.0,70138.0,29152.72842,1770681599999,2038959539.4209776,6644769,13854.63486,969001616.6829728,BTCUSDT,2026-02-09,2026-02-09 23:59:59.999
1770681600000,70138.0,70527.59,67800.0,68841.29,20373.77072,1770767999999,1408623623.3599253,4558658,9237.21056,638739950.2535255,BTCUSDT,2026-02-10,2026-02-10 23:59:59.999
1770768000000,68841.28,69292.88,65756.0,67082.52,28718.24602,1770854399999,1930513947.5441146,6956577,14335.50997,963903748.2694873,BTCUSDT,2026-02-11,2026-02-11 23:59:59.999
1770854400000,67082.52,68410.52,65118.0,66272.17,24271.74283,1770940799999,1622162145.3342066,6778280,12101.72511,809418852.0733618,BTCUSDT,2026-02-12,2026-02-12 23:59:59.999
1770940800000,66272.17,69482.97,65872.46,68853.96,20244.54955,1771027199999,1371286022.3300548,6450842,10425.24887,706766540.6168541,BTCUSDT,2026-02-13,2026-02-13 23:59:59.999
1771027200000,68853.97,70560.01,68730.13,69822.95,18114.78393,1771113599999,1260259314.3600264,3803163,7857.93423,546756073.2649412,BTCUSDT,2026-02-14,2026-02-14 23:59:59.999
1771113600000,69822.94,70983.0,68000.0,68832.58,22290.05208,1771199999999,1545094572.1368146,4598633,8861.59262,615733099.1208996,BTCUSDT,2026-02-15,2026-02-15 23:59:59.999
1771200000000,68832.59,70126.67,67294.11,68892.43,15515.76534,1771286399999,1062797918.2535971,5233849,8153.4314,558909191.7674918,BTCUSDT,2026-02-16,2026-02-16 23:59:59.999
1771286400000,68892.43,69241.5,66621.06,67503.52,16489.06921,1771372799999,1117987651.294812,5994853,7538.45107,511426190.8932403,BTCUSDT,2026-02-17,2026-02-17 23:59:59.999
1771372800000,67503.52,68476.22,65870.0,66461.0,15492.43839,1771459199999,1040493524.6521236,4548997,7895.05707,530458178.1385649,BTCUSDT,2026-02-18,2026-02-18 23:59:59.999
1771459200000,66461.0,67320.0,65631.83,67003.73,14542.26988,1771545599999,968863572.7821527,4679351,7106.70741,473456223.0721071,BTCUSDT,2026-02-19,2026-02-19 23:59:59.999
1771545600000,67003.73,68318.39,66280.2,68020.01,35351.87091,1771631999999,2378079150.5678473,5044912,15001.46034,1010970043.1452413,BTCUSDT,2026-02-20,2026-02-20 23:59:59.999
1771632000000,68020.0,68698.7,67534.69,67975.93,8032.84131,1771718399999,547592078.8471988,1593539,4003.46206,272919692.67728,BTCUSDT,2026-02-21,2026-02-21 23:59:59.999
1771718400000,67975.93,68222.16,67809.78,67908.63,1385.19176,1771804799999,94179548.9499169,378792,670.31443,45581487.3943895,BTCUSDT,2026-02-22,2026-02-22 23:59:59.999
1764028800000,2953.38,2980.82,2857.32,2959.36,427686.4528,1764115199999,1246454120.370332,4418266,202476.6298,590249449.813369,ETHUSDT,2025-11-25,2025-11-25 23:59:59.999
1764115200000,2959.36,3045.0,2888.69,3026.56,364535.326,1764201599999,1079536972.459607,3911013,171996.0241,509726234.870356,ETHUSDT,2025-11-26,2025-11-26 23:59:59.999
1764201600000,3026.56,3071.37,2985.78,3015.23,274980.3955,1764287999999,831942752.099709,2917476,127744.67,386552391.784535,ETHUSDT,2025-11-27,2025-11-27 23:59:59.999
1764288000000,3015.23,3099.0,2994.36,3031.15,346616.0275,1764374399999,1053857760.714809,3662478,172614.6176,525060095.641535,ETHUSDT,2025-11-28,2025-11-28 23:59:59.999
1764374400000,3031.14,3052.64,2961.91,2989.16,217904.1303,1764460799999,654348734.599726,1930588,93034.0164,279413777.604877,ETHUSDT,2025-11-29,2025-11-29 23:59:59.999
1764460800000,2989.17,3053.02,2975.3,2991.26,182722.4253,1764547199999,551904047.432645,1896781,87143.6579,263255693.67659,ETHUSDT,2025-11-30,2025-11-30 23:59:59.999
1764547200000,2991.25,2999.47,2716.04,2799.07,849002.9909,1764633599999,2386884973.982846,7108249,383330.5081,1076737868.245771,ETHUSDT,2025-12-01,2025-12-01 23:59:59.999
1764633600000,2799.07,3033.76,2782.19,2996.07,523707.3586,1764719999999,1528447401.324846,5821936,263958.3576,770318630.307678,ETHUSDT,2025-12-02,2025-12-02 23:59:59.999
1764720000000,2996.07,3214.99,2985.58,3188.36,553669.8146,1764806399999,1713587615.132564,6210489,280795.7429,869390296.032023,ETHUSDT,2025-12-03,2025-12-03 23:59:59.999
1764806400000,3188.39,3240.35,3066.37,3133.26,486698.3987,1764892799999,1543790061.952392,6357509,238177.9812,755733360.549938,ETHUSDT,2025-12-04,2025-12-04 23:59:59.999
1764892800000,3133.26,3193.33,2983.08,3021.78,530382.8986,1764979199999,1639255389.987769,6012408,259028.7578,799899847.557016,ETHUSDT,2025-12-05,2025-12-05 23:59:59.999
1764979200000,3021.77,3069.0,3012.58,3038.06,159721.2488,1765065599999,485368537.240031,2244070,75279.0803,228817367.459284,ETHUSDT,2025-12-06,2025-12-06 23:59:59.999
1765065600000,3038.06,3150.0,2907.52,3059.85,391129.675,1765151999999,1186332501.65101,4277667,186555.6398,565678531.959395,ETHUSDT,2025-12-07,2025-12-07 23:59:59.999
1765152000000,3059.86,3180.51,3040.87,3124.16,452820.2207,1765238399999,1415589445.039095,6327207,224225.6496,701178219.819795,ETHUSDT,2025-12-08,2025-12-08 23:59:59.999
1765238400000,3124.16,3397.85,3090.8,3318.04,603859.9458,1765324799999,1962292840.767687,6993282,280409.759,911911294.837155,ETHUSDT,2025-12-09,2025-12-09 23:59:59.999
1765324800000,3318.04,3447.44,3288.1,3324.14,539585.4535,1765411199999,1810738811.735616,7155428,265501.8458,891358758.833009,ETHUSDT,2025-12-10,2025-12-10 23:59:59.999
1765411200000,3324.14,3327.37,3145.28,3237.39,504114.2391,1765497599999,1619734578.213871,7267153,239375.5443,768839628.956444,ETHUSDT,2025-12-11,2025-12-11 23:59:59.999
1765497600000,3237.38,3265.5,3045.31,3084.86,435686.4435,1765583999999,1371414759.857734,5948483,204665.1471,643771575.254284,ETHUSDT,2025-12-12,2025-12-12 23:59:59.999
1765584000000,3084.86,3135.68,3078.6,3114.64,136465.7567,1765670399999,423920604.038122,1855254,66698.6327,207214417.642375,ETHUSDT,2025-12-13,2025-12-13 23:59:59.999
1765670400000,3114.64,3129.54,3024.44,3063.5,279058.3545,1765756799999,862072488.530014,3511048,122884.5661,379597137.014435,ETHUSDT,2025-12-14,2025-12-14 23:59:59.999
1765756800000,3063.49,3177.5,2894.57,2964.85,520509.9555,1765843199999,1579982448.239563,7417115,260217.0331,790063852.031119,ETHUSDT,2025-12-15,2025-12-15 23:59:59.999
1765843200000,2964.85,2981.87,2876.0,2962.3,378293.1159,1765929599999,1111582164.804332,6669623,177353.9948,521322317.103601,ETHUSDT,2025-12-16,2025-12-16 23:59:59.999
1765929600000,2962.3,3030.92,2791.02,2833.49,497630.4162,1766015999999,1446107029.749676,6532843,241806.4338,702713292.875421,ETHUSDT,2025-12-17,2025-12-17 23:59:59.999
1766016000000,2833.5,2997.4,2775.19,2828.57,595253.7997,1766102399999,1712688363.64049,7801439,297647.5456,856465294.377289,ETHUSDT,2025-12-18,2025-12-18 23:59:59.999
1766102400000,2828.56,3020.0,2808.63,2979.5,531702.5439,1766188799999,1565878519.31718,6948512,265654.992,782773695.892576,ETHUSDT,2025-12-19,2025-12-19 23:59:59.999
1766188800000,2979.49,2994.41,2964.17,2977.93,91783.7734,1766275199999,273573678.212581,1350111,40641.5192,121155599.008529,ETHUSDT,2025-12-20,2025-12-20 23:59:59.999
1766275200000,2977.93,3013.4,2944.0,3002.02,162244.8067,1766361599999,483780019.527505,2474808,78868.2879,235186765.372176,ETHUSDT,2025-12-21,2025-12-21 23:59:59.999
1766361600000,3002.03,3077.39,2963.43,3009.49,298443.5633,1766447999999,903056984.466161,5452069,142983.3689,432713971.599364,ETHUSDT,2025-12-22,2025-12-22 23:59:59.999
1766448000000,3009.48,3035.79,2900.93,2965.02,386465.747,1766534399999,1143899253.062532,4824322,206394.4595,610982176.714151,ETHUSDT,2025-12-23,2025-12-23 23:59:59.999
1766534400000,2965.03,2978.15,2888.7,2947.47,197035.5598,1766620799999,578209287.858266,3194683,101402.5429,297704426.144271,ETHUSDT,2025-12-24,2025-12-24 23:59:59.999
1766620800000,2947.48,2971.46,2891.2,2903.95,188721.2981,1766707199999,554690625.492779,2183611,85987.392,252678463.929107,ETHUSDT,2025-12-25,2025-12-25 23:59:59.999
1766707200000,2903.9,2994.38,2894.26,2927.99,314830.9989,1766793599999,928357784.217832,4062164,159371.2995,469784292.6982,ETHUSDT,2025-12-26,2025-12-26 23:59:59.999
1766793600000,2928.0,2960.89,2917.13,2949.05,95040.3956,1766879999999,278706096.334518,1004396,43285.9713,126936744.905573,ETHUSDT,2025-12-27,2025-12-27 23:59:59.999
1766880000000,2949.05,2961.23,2924.54,2950.91,128834.139,1766966399999,379078145.432578,1484510,65373.9915,192352556.018686,ETHUSDT,2025-12-28,2025-12-28 23:59:59.999
1766966400000,2950.91,3057.78,2910.25,2937.9,485959.1824,1767052799999,1447180217.933539,5162535,233555.1583,694845447.761885,ETHUSDT,2025-12-29,2025-12-29 23:59:59.999
1767052800000,2937.91,3009.8,2919.44,2973.69,286583.2879,1767139199999,851498558.489608,3959890,146128.2348,434231190.136072,ETHUSDT,2025-12-30,2025-12-30 23:59:59.999
1767139200000,2973.69,3028.08,2958.91,2971.64,233729.5887,1767225599999,697600045.700212,2935432,116217.5263,346891301.180933,ETHUSDT,2025-12-31,2025-12-31 23:59:59.999
1767225600000,2971.65,3010.0,2971.15,3004.19,136088.5207,1767311999999,406547667.098154,1338212,66477.086,198558579.194668,ETHUSDT,2026-01-01,2026-01-01 23:59:59.999
1767312000000,3004.19,3150.01,2992.49,3125.45,369891.2449,1767398399999,1137619077.204739,5276480,195057.0391,599510476.371968,ETHUSDT,2026-01-02,2026-01-02 23:59:59.999
1767398400000,3125.46,3136.71,3076.0,3127.11,134405.2258,1767484799999,417746796.512137,1823251,66789.8067,207586674.464872,ETHUSDT,2026-01-03,2026-01-03 23:59:59.999
1767484800000,3127.11,3167.22,3118.75,3144.7,181576.0686,1767571199999,570517585.648554,2261499,94783.8698,297836974.892677,ETHUSDT,2026-01-04,2026-01-04 23:59:59.999
1767571200000,3144.71,3265.66,3135.02,3224.99,382446.6618,1767657599999,1219648843.481487,5401982,188956.4336,602755810.620799,ETHUSDT,2026-01-05,2026-01-05 23:59:59.999
1767657600000,3224.99,3308.86,3183.27,3296.84,412503.5066,1767743999999,1340863819.954255,5310071,204316.7995,664312441.651169,ETHUSDT,2026-01-06,2026-01-06 23:59:59.999
1767744000000,3296.83,3296.84,3125.42,3168.72,321350.1225,1767830399999,1027448724.687839,4839276,154644.9184,494179925.689907,ETHUSDT,2026-01-07,2026-01-07 23:59:59.999
1767830400000,3168.72,3184.39,3054.65,3106.65,343616.1005,1767916799999,1069846020.042703,4982423,167834.9366,522450484.02997,ETHUSDT,2026-01-08,2026-01-08 23:59:59.999
1767916800000,3106.66,3148.41,3058.69,3088.4,274587.4533,1768003199999,851846982.925553,4182570,137269.6714,426011198.68438,ETHUSDT,2026-01-09,2026-01-09 23:59:59.999
1768003200000,3088.4,3104.12,3077.99,3086.72,82341.0546,1768089599999,254495724.002643,881069,44689.1628,138130908.825049,ETHUSDT,2026-01-10,2026-01-10 23:59:59.999
1768089600000,3086.72,3147.27,3084.46,3123.45,149381.2965,1768175999999,465227647.583002,1522502,77521.2191,241470651.783173,ETHUSDT,2026-01-11,2026-01-11 23:59:59.999
1768176000000,3123.46,3171.49,3065.55,3095.75,297373.4681,1768262399999,928024542.296001,4303605,145169.9489,453140052.754557,ETHUSDT,2026-01-12,2026-01-12 23:59:59.999
1768262400000,3095.75,3367.79,3091.96,3325.82,457782.2816,1768348799999,1470983302.124877,4876916,239733.9448,769970312.592286,ETHUSDT,2026-01-13,2026-01-13 23:59:59.999
1768348800000,3325.83,3402.89,3280.48,3354.92,503440.0759,1768435199999,1682648500.339798,5351410,242601.2111,811091133.793289,ETHUSDT,2026-01-14,2026-01-14 23:59:59.999
1768435200000,3354.92,3384.19,3273.72,3318.69,389993.836,1768521599999,1296628250.56622,4766390,182106.0811,605761505.416469,ETHUSDT,2026-01-15,2026-01-15 23:59:59.999
1768521600000,3318.7,3326.79,3253.01,3296.28,223921.7876,1768607999999,737278508.749833,3528248,109159.1615,359334304.757938,ETHUSDT,2026-01-16,2026-01-16 23:59:59.999
1768608000000,3296.28,3330.26,3283.96,3310.56,124325.0303,1768694399999,411508868.39151,1229614,68643.5852,227299910.454937,ETHUSDT,2026-01-17,2026-01-17 23:59:59.999
1768694400000,3310.56,3368.82,3278.86,3284.03,173354.3026,1768780799999,576301516.530256,2227452,93056.7992,309424972.081588,ETHUSDT,2026-01-18,2026-01-18 23:59:59.999
1768780800000,3284.04,3284.58,3165.38,3189.55,442540.5596,1768867199999,1421588263.898261,4406164,225707.6739,725130247.584568,ETHUSDT,2026-01-19,2026-01-19 23:59:59.999
1768867200000,3189.56,3200.5,2920.0,2939.88,518166.4787,1768953599999,1586973026.80606,7228638,251605.1302,770975910.793193,ETHUSDT,2026-01-20,2026-01-20 23:59:59.999
1768953600000,2939.88,3069.07,2866.11,2982.27,577800.2481,1769039999999,1712903183.812053,8064316,296961.807,880621251.790689,ETHUSDT,2026-01-21,2026-01-21 23:59:59.999
1769040000000,2982.28,3038.33,2906.02,2952.69,291660.7349,1769126399999,867206892.239138,4696521,144410.7947,429371629.050317,ETHUSDT,2026-01-22,2026-01-22 23:59:59.999
1769126400000,2952.7,3019.26,2892.4,2956.41,318415.3317,1769212799999,939757975.669515,5479038,159251.2529,470264718.669184,ETHUSDT,2026-01-23,2026-01-23 23:59:59.999
1769212800000,2956.41,2970.41,2943.84,2953.22,92082.9039,1769299199999,272517275.860426,1185149,41483.2107,122751060.758119,ETHUSDT,2026-01-24,2026-01-24 23:59:59.999
1769299200000,2953.23,2960.29,2787.0,2816.89,380186.5326,1769385599999,1088137895.952771,4637787,165133.7717,473021399.881065,ETHUSDT,2026-01-25,2026-01-25 23:59:59.999
1769385600000,2816.9,2951.21,2812.37,2930.35,485169.3372,1769471999999,1405058143.578595,5933570,239396.1448,693731253.124194,ETHUSDT,2026-01-26,2026-01-26 23:59:59.999
1769472000000,2930.35,3035.08,2899.77,3026.77,478792.3988,1769558399999,1416537368.433361,5278439,229630.1728,679191460.936592,ETHUSDT,2026-01-27,2026-01-27 23:59:59.999
1769558400000,3026.77,3045.78,2983.67,3010.78,296607.6549,1769644799999,894057677.740365,5061029,154557.6064,465946305.94887,ETHUSDT,2026-01-28,2026-01-28 23:59:59.999
1769644800000,3010.78,3013.5,2754.53,2822.59,561288.5979,1769731199999,1601894306.039813,6779608,270939.8171,772718271.379958,ETHUSDT,2026-01-29,2026-01-29 23:59:59.999
1769731200000,2822.6,2828.65,2636.01,2707.38,793279.6252,1769817599999,2161851949.088385,10661631,388766.163,1059467300.875251,ETHUSDT,2026-01-30,2026-01-30 23:59:59.999
1769817600000,2707.37,2714.64,2250.0,2451.95,1113097.7132,1769903999999,2759353621.321312,9305297,520430.2055,1291798679.952669,ETHUSDT,2026-01-31,2026-01-31 23:59:59.999
1769904000000,2451.96,2475.98,2222.0,2270.15,1026573.9466,1769990399999,2412828498.627745,11038637,455879.6449,1069127421.804749,ETHUSDT,2026-02-01,2026-02-01 23:59:59.999
1769990400000,2270.16,2396.62,2157.14,2347.02,1248535.2114,1770076799999,2842177286.24149,11149156,614416.942,1398079659.353768,ETHUSDT,2026-02-02,2026-02-02 23:59:59.999
1770076800000,2347.01,2359.88,2110.0,2233.72,1321099.3867,1770163199999,2981630480.120865,11643770,666418.2157,1505015892.495484,ETHUSDT,2026-02-03,2026-02-03 23:59:59.999
1770163200000,2233.72,2295.74,2076.68,2148.26,1264743.43,1770249599999,2756607838.332894,10912540,609896.0952,1325924462.845477,ETHUSDT,2026-02-04,2026-02-04 23:59:59.999
1770249600000,2148.25,2173.77,1818.18,1826.83,1952286.6951,1770335999999,3895174109.785863,13667587,967965.2824,1933830694.362923,ETHUSDT,2026-02-05,2026-02-05 23:59:59.999
1770336000000,1826.83,2093.94,1747.8,2063.38,2102311.5573,1770422399999,4099448671.011839,12362731,1189792.5763,2323481388.750452,ETHUSDT,2026-02-06,2026-02-06 23:59:59.999
1770422400000,2063.37,2121.7,1994.57,2087.08,1142616.4487,1770508799999,2350131251.111509,7938360,548585.9421,1128556150.777751,ETHUSDT,2026-02-07,2026-02-07 23:59:59.999
1770508800000,2087.08,2152.03,2064.1,2089.74,482837.2515,1770595199999,1015368967.858894,4379045,228020.7596,479809411.995975,ETHUSDT,2026-02-08,2026-02-08 23:59:59.999
1770595200000,2089.73,2147.73,2008.62,2105.02,625378.5569,1770681599999,1299316807.805279,6331904,315446.5313,655569971.226274,ETHUSDT,2026-02-09,2026-02-09 23:59:59.999
1770681600000,2105.02,2124.71,1989.38,2022.67,574321.6908,1770767999999,1163710989.708572,5159394,276990.265,560975011.04426,ETHUSDT,2026-02-10,2026-02-10 23:59:59.999
1770768000000,2022.67,2032.31,1903.19,1941.18,529655.8177,1770854399999,1036100476.102876,6450810,259017.7416,506650635.748852,ETHUSDT,2026-02-11,2026-02-11 23:59:59.999
1770854400000,1941.19,2001.42,1897.24,1947.85,427567.1469,1770940799999,833481568.532024,5262808,212467.499,414232137.149514,ETHUSDT,2026-02-12,2026-02-12 23:59:59.999
1770940800000,1947.85,2073.68,1924.72,2048.72,425649.7698,1771027199999,850907791.20718,4695571,215643.6192,431290771.892009,ETHUSDT,2026-02-13,2026-02-13 23:59:59.999
1771027200000,2048.72,2107.67,2042.37,2086.59,220677.2355,1771113599999,458319230.494356,2720271,110065.542,228627817.282618,ETHUSDT,2026-02-14,2026-02-14 23:59:59.999
1771113600000,2086.59,2103.32,1928.88,1966.58,834778.0952,1771199999999,1680654508.880478,5864311,323503.2298,651093452.905736,ETHUSDT,2026-02-15,2026-02-15 23:59:59.999
1771200000000,1966.59,2023.51,1937.24,1998.33,351347.9433,1771286399999,694116360.940269,4476026,178158.7858,352070618.301827,ETHUSDT,2026-02-16,2026-02-16 23:59:59.999
1771286400000,1998.34,2015.33,1941.66,1991.66,406246.9427,1771372799999,804961298.709777,6420841,196947.7031,390162604.367408,ETHUSDT,2026-02-17,2026-02-17 23:59:59.999
1771372800000,1991.67,2039.05,1923.78,1955.91,393639.0086,1771459199999,778491630.599568,5176537,191523.6119,378687588.779843,ETHUSDT,2026-02-18,2026-02-18 23:59:59.999
1771459200000,1955.9,1987.55,1907.0,1949.08,300257.0733,1771545599999,583869775.947742,3793608,142030.3122,276036975.737437,ETHUSDT,2026-02-19,2026-02-19 23:59:59.999
1771545600000,1949.08,1981.18,1922.97,1968.88,386253.5557,1771631999999,755968932.473526,3948261,186424.2257,364867772.122704,ETHUSDT,2026-02-20,2026-02-20 23:59:59.999
1771632000000,1968.88,1995.56,1955.62,1973.35,179173.8456,1771718399999,354489354.648235,1362230,91535.9107,181134209.820953,ETHUSDT,2026-02-21,2026-02-21 23:59:59.999
1771718400000,1973.35,1982.99,1967.4,1972.18,25931.337,1771804799999,51188338.036268,257521,13962.1789,27567126.753776,ETHUSDT,2026-02-22,2026-02-22 23:59:59.999
1764028800000,138.43,140.5,133.13,138.96,2994819.853,1764115199999,409226323.33044,2110444,1420037.017,194241801.42398,SOLUSDT,2025-11-25,2025-11-25 23:59:59.999
1764115200000,138.96,144.75,135.5,143.02,4021862.67,1764201599999,562094537.22552,2100192,1886595.624,263450272.31572,SOLUSDT,2025-11-26,2025-11-26 23:59:59.999
1764201600000,143.01,144.29,140.47,140.85,2331673.189,1764287999999,331918081.73149,1218711,1158259.662,164844366.92401,SOLUSDT,2025-11-27,2025-11-27 23:59:59.999
1764288000000,140.85,143.6,136.01,137.33,3502510.031,1764374399999,490598696.88363,1614078,1714576.896,240463680.13399,SOLUSDT,2025-11-28,2025-11-28 23:59:59.999
1764374400000,137.33,138.1,134.76,135.91,1859321.171,1764460799999,254173125.62851,749092,815022.408,111395094.81332,SOLUSDT,2025-11-29,2025-11-29 23:59:59.999
1764460800000,135.92,140.19,133.26,133.48,2608165.329,1764547199999,357882224.67243,991552,1170667.571,160729812.70821,SOLUSDT,2025-11-30,2025-11-30 23:59:59.999
1764547200000,133.48,133.74,123.11,126.66,5007504.057,1764633599999,635198829.37354,2539012,2414287.708,306111931.02272,SOLUSDT,2025-12-01,2025-12-01 23:59:59.999
1764633600000,126.66,140.88,126.01,138.68,5022856.747,1764719999999,675106831.85339,2502692,2542106.459,340662911.60813,SOLUSDT,2025-12-02,2025-12-02 23:59:59.999
1764720000000,138.67,146.08,137.76,144.67,3954144.805,1764806399999,560511341.40006,2140894,2059434.533,292176548.97666,SOLUSDT,2025-12-03,2025-12-03 23:59:59.999
1764806400000,144.67,146.91,137.8,139.01,2694242.241,1764892799999,383629221.93813,1819447,1288391.317,183480458.32498,SOLUSDT,2025-12-04,2025-12-04 23:59:59.999
1764892800000,139.01,140.75,130.73,133.29,3367359.143,1764979199999,457172027.12608,1904907,1710078.635,232061653.70566,SOLUSDT,2025-12-05,2025-12-05 23:59:59.999
1764979200000,133.29,134.13,131.28,132.19,1341595.431,1765065599999,178276609.9626,893052,668326.895,88826441.27074,SOLUSDT,2025-12-06,2025-12-06 23:59:59.999
1765065600000,132.2,136.35,127.7,132.24,3131804.491,1765151999999,413797116.36681,1814091,1510555.517,199613207.11372,SOLUSDT,2025-12-07,2025-12-07 23:59:59.999
1765152000000,132.25,139.36,131.52,133.25,3245115.426,1765238399999,440265638.92837,2042892,1666582.477,225925685.64272,SOLUSDT,2025-12-08,2025-12-08 23:59:59.999
1765238400000,133.24,144.93,131.62,137.88,4508522.034,1765324799999,623533690.7888,2422599,2211760.743,305879703.53315,SOLUSDT,2025-12-09,2025-12-09 23:59:59.999
1765324800000,137.87,142.57,135.39,136.26,4520230.276,1765411199999,624546006.02724,2617344,2287647.226,316218788.9851,SOLUSDT,2025-12-10,2025-12-10 23:59:59.999
1765411200000,136.26,137.79,129.0,136.41,4377697.036,1765497599999,581262368.19525,2353342,2061905.446,273749386.29795,SOLUSDT,2025-12-11,2025-12-11 23:59:59.999
1765497600000,136.41,140.12,130.35,132.27,4005608.262,1765583999999,542914566.1894,2200099,2010331.565,272691790.16823,SOLUSDT,2025-12-12,2025-12-12 23:59:59.999
1765584000000,132.28,134.28,131.6,133.14,1472483.735,1765670399999,195790564.90788,667045,694047.118,92243590.77562,SOLUSDT,2025-12-13,2025-12-13 23:59:59.999
1765670400000,133.13,133.66,127.98,129.4,1731614.637,1765756799999,227172804.50155,961625,796819.698,104590641.23822,SOLUSDT,2025-12-14,2025-12-14 23:59:59.999
1765756800000,129.39,135.43,123.63,127.81,3922431.0,1765843199999,505572419.27462,2137229,1985013.141,255671011.64546,SOLUSDT,2025-12-15,2025-12-15 23:59:59.999
1765843200000,127.81,130.14,124.87,129.15,2884783.998,1765929599999,368318615.17013,1843584,1399666.014,178835356.04512,SOLUSDT,2025-12-16,2025-12-16 23:59:59.999
1765929600000,129.15,133.99,121.36,123.27,4525580.216,1766015999999,574312574.39112,2357854,2252925.062,285684022.61838,SOLUSDT,2025-12-17,2025-12-17 23:59:59.999
1766016000000,123.28,129.05,116.88,119.6,4790795.008,1766102399999,589276513.97563,2419617,2455733.514,302049648.46607,SOLUSDT,2025-12-18,2025-12-18 23:59:59.999
1766102400000,119.6,127.87,117.61,126.27,4090548.592,1766188799999,508624593.21844,2082071,2067556.9,257066193.76342,SOLUSDT,2025-12-19,2025-12-19 23:59:59.999
1766188800000,126.27,126.89,125.3,125.81,1229353.586,1766275199999,155070613.06539,488206,570925.594,72008369.97456,SOLUSDT,2025-12-20,2025-12-20 23:59:59.999
1766275200000,125.8,126.62,123.4,126.03,1812103.189,1766361599999,227009325.56382,839564,888951.251,111369881.77771,SOLUSDT,2025-12-21,2025-12-21 23:59:59.999
1766361600000,126.03,128.78,124.2,125.93,2667589.146,1766447999999,337356985.61644,1282063,1390774.267,175861805.7656,SOLUSDT,2025-12-22,2025-12-22 23:59:59.999
1766448000000,125.93,126.93,122.16,124.01,2440030.872,1766534399999,303158690.00044,1214338,1172899.452,145753935.76107,SOLUSDT,2025-12-23,2025-12-23 23:59:59.999
1766534400000,124.02,124.3,120.63,122.53,1605450.498,1766620799999,196266334.88911,891219,824072.237,100754938.70787,SOLUSDT,2025-12-24,2025-12-24 23:59:59.999
1766620800000,122.52,124.46,119.71,120.06,1818325.148,1766707199999,222666013.3961,620763,889311.86,108873707.02848,SOLUSDT,2025-12-25,2025-12-25 23:59:59.999
1766707200000,120.05,125.14,119.24,122.26,3326516.562,1766793599999,407793789.6008,1242795,1709921.31,209642848.2221,SOLUSDT,2025-12-26,2025-12-26 23:59:59.999
1766793600000,122.27,125.08,121.86,124.73,1357802.112,1766879999999,167427635.64651,458614,705415.06,86930063.87465,SOLUSDT,2025-12-27,2025-12-27 23:59:59.999
1766880000000,124.74,125.64,123.08,125.27,1828960.451,1766966399999,227049720.92228,519293,1001153.634,124250283.18544,SOLUSDT,2025-12-28,2025-12-28 23:59:59.999
1766966400000,125.27,130.16,122.36,123.28,4307595.105,1767052799999,543723304.50905,1525275,2170738.716,273979551.00564,SOLUSDT,2025-12-29,2025-12-29 23:59:59.999
1767052800000,123.28,126.52,122.58,125.01,2480631.516,1767139199999,308730777.48262,955705,1282143.241,159510270.29718,SOLUSDT,2025-12-30,2025-12-30 23:59:59.999
1767139200000,125.02,132.75,122.99,124.65,2941643.658,1767225599999,368493594.69384,966712,1511491.268,189642368.75779,SOLUSDT,2025-12-31,2025-12-31 23:59:59.999
1767225600000,124.64,127.25,124.15,126.9,1733664.978,1767311999999,217068948.15615,515257,852972.092,106762286.53978,SOLUSDT,2026-01-01,2026-01-01 23:59:59.999
1767312000000,126.91,133.25,125.84,132.29,2924227.372,1767398399999,378213187.58117,1348954,1522741.331,197011254.76109,SOLUSDT,2026-01-02,2026-01-02 23:59:59.999
1767398400000,132.28,133.99,129.6,133.37,1520623.499,1767484799999,200295921.55764,637040,750641.795,98885456.69177,SOLUSDT,2026-01-03,2026-01-03 23:59:59.999
1767484800000,133.37,135.54,133.12,134.12,1809269.113,1767571199999,242985169.55108,892859,891018.315,119678269.92305,SOLUSDT,2026-01-04,2026-01-04 23:59:59.999
1767571200000,134.12,139.87,133.18,137.9,3327567.484,1767657599999,452911084.26412,1633145,1712601.556,233186865.5719,SOLUSDT,2026-01-05,2026-01-05 23:59:59.999
1767657600000,137.91,143.48,136.19,141.08,3771795.117,1767743999999,526491231.9802,1877400,1879675.868,262463139.66856,SOLUSDT,2026-01-06,2026-01-06 23:59:59.999
1767744000000,141.08,141.4,134.41,136.39,2321642.178,1767830399999,319140449.80578,1424664,1134923.82,155994779.50557,SOLUSDT,2026-01-07,2026-01-07 23:59:59.999
1767830400000,136.39,140.07,132.67,138.37,3113437.835,1767916799999,425211873.06351,1555663,1570298.608,214666999.43402,SOLUSDT,2026-01-08,2026-01-08 23:59:59.999
1767916800000,138.37,141.17,134.98,135.97,3778547.996,1768003199999,522670162.73951,1559427,1915953.782,265155364.55501,SOLUSDT,2026-01-09,2026-01-09 23:59:59.999
1768003200000,135.96,137.05,135.37,135.84,1000837.004,1768089599999,136346330.79801,419628,495750.86,67555492.87677,SOLUSDT,2026-01-10,2026-01-10 23:59:59.999
1768089600000,135.85,141.6,135.75,139.7,2209913.206,1768175999999,306185406.75845,857832,1211661.371,167843183.0615,SOLUSDT,2026-01-11,2026-01-11 23:59:59.999
1768176000000,139.69,144.4,138.34,139.22,4160120.091,1768262399999,587559710.0406,1815385,2063458.502,291426405.76436,SOLUSDT,2026-01-12,2026-01-12 23:59:59.999
1768262400000,139.21,148.74,137.82,145.51,4195082.468,1768348799999,598713149.38546,1781041,2143169.55,306018905.5112,SOLUSDT,2026-01-13,2026-01-13 23:59:59.999
1768348800000,145.52,148.44,143.37,146.69,3695077.378,1768435199999,539088197.85762,1481363,1801988.737,262899754.78901,SOLUSDT,2026-01-14,2026-01-14 23:59:59.999
1768435200000,146.7,146.73,140.9,142.4,2462143.139,1768521599999,354149725.74563,1301300,1160862.142,167000685.09015,SOLUSDT,2026-01-15,2026-01-15 23:59:59.999
1768521600000,142.41,145.55,140.26,144.89,1900879.026,1768607999999,271758949.58215,1014424,919897.252,131586127.51626,SOLUSDT,2026-01-16,2026-01-16 23:59:59.999
1768608000000,144.9,144.99,143.32,143.72,835154.761,1768694399999,120390445.12905,392089,412414.642,59436114.22214,SOLUSDT,2026-01-17,2026-01-17 23:59:59.999
1768694400000,143.73,144.0,137.74,137.87,1877438.698,1768780799999,266417011.22107,712971,837209.507,118865737.74182,SOLUSDT,2026-01-18,2026-01-18 23:59:59.999
1768780800000,137.87,137.87,130.0,133.44,2972524.77,1768867199999,397766014.10622,1113535,1483332.486,198479144.56028,SOLUSDT,2026-01-19,2026-01-19 23:59:59.999
1768867200000,133.44,134.63,124.68,125.8,3532423.88,1768953599999,456200360.19412,1665250,1594052.788,205966083.47806,SOLUSDT,2026-01-20,2026-01-20 23:59:59.999
1768953600000,125.81,132.17,125.26,129.54,3161736.36,1769039999999,406727656.32141,1568002,1657610.92,213332539.25012,SOLUSDT,2026-01-21,2026-01-21 23:59:59.999
1769040000000,129.53,130.94,126.73,128.47,1811586.462,1769126399999,233570687.82335,1016749,905017.042,116761376.93617,SOLUSDT,2026-01-22,2026-01-22 23:59:59.999
1769126400000,128.47,130.2,125.28,127.43,2044063.077,1769212799999,261243943.98141,1068593,1074378.357,137350250.13854,SOLUSDT,2026-01-23,2026-01-23 23:59:59.999
1769212800000,127.43,128.12,126.64,127.21,807419.995,1769299199999,102804908.33679,331896,367986.146,46858118.34194,SOLUSDT,2026-01-24,2026-01-24 23:59:59.999
1769299200000,127.22,127.46,117.15,118.85,4540879.449,1769385599999,549164530.09031,1232391,2403987.331,289868386.06575,SOLUSDT,2026-01-25,2026-01-25 23:59:59.999
1769385600000,118.85,125.6,118.53,124.24,2355751.363,1769471999999,289767656.39401,1187889,1159271.555,142564894.85725,SOLUSDT,2026-01-26,2026-01-26 23:59:59.999
1769472000000,124.24,127.84,123.12,127.19,2036509.042,1769558399999,255047826.37975,1006079,1012080.68,126769803.88212,SOLUSDT,2026-01-27,2026-01-27 23:59:59.999
1769558400000,127.18,128.34,124.78,125.35,1997863.528,1769644799999,252933659.86287,1065285,990296.273,125371156.37357,SOLUSDT,2026-01-28,2026-01-28 23:59:59.999
1769644800000,125.34,125.51,115.39,117.82,3730613.473,1769731199999,444597605.45512,1444201,1863128.834,221882904.25408,SOLUSDT,2026-01-29,2026-01-29 23:59:59.999
1769731200000,117.82,119.12,112.14,117.59,4761006.742,1769817599999,552023487.13287,1991218,2428166.266,281723546.20711,SOLUSDT,2026-01-30,2026-01-30 23:59:59.999
1769817600000,117.6,118.85,96.4,105.58,8567398.326,1769903999999,920582075.30101,3248600,4092929.327,439148658.16365,SOLUSDT,2026-01-31,2026-01-31 23:59:59.999
1769904000000,105.58,106.69,98.02,100.79,4204256.051,1769990399999,432839562.25445,2202213,2052275.136,211365615.68208,SOLUSDT,2026-02-01,2026-02-01 23:59:59.999
1769990400000,100.78,106.12,95.95,104.55,5574032.681,1770076799999,566609041.93448,2856979,2663023.902,270961165.6031,SOLUSDT,2026-02-02,2026-02-02 23:59:59.999
1770076800000,104.54,105.1,96.64,97.89,4514018.115,1770163199999,455865168.22654,2135637,2227613.325,225044546.37139,SOLUSDT,2026-02-03,2026-02-03 23:59:59.999
1770163200000,97.89,99.67,89.3,92.12,6251459.371,1770249599999,589863839.90233,2940009,3095939.216,291853541.48574,SOLUSDT,2026-02-04,2026-02-04 23:59:59.999
1770249600000,92.11,93.43,77.6,78.35,10243355.48,1770335999999,874788983.51127,4871571,4836738.921,413637350.22663,SOLUSDT,2026-02-05,2026-02-05 23:59:59.999
1770336000000,78.34,89.84,67.5,87.46,11811095.766,1770422399999,944308125.32202,3980604,5773154.785,462251411.25519,SOLUSDT,2026-02-06,2026-02-06 23:59:59.999
1770422400000,87.45,89.2,84.16,87.59,4486649.48,1770508799999,389575196.26258,1746041,2188177.051,190057629.82127,SOLUSDT,2026-02-07,2026-02-07 23:59:59.999
1770508800000,87.59,89.08,85.77,86.99,2534998.683,1770595199999,222107656.10678,1040850,1312312.593,115049175.17828,SOLUSDT,2026-02-08,2026-02-08 23:59:59.999
1770595200000,86.99,88.69,82.86,86.77,3667652.416,1770681599999,315211863.58337,1641253,1730490.081,148560836.85899,SOLUSDT,2026-02-09,2026-02-09 23:59:59.999
1770681600000,86.77,87.49,81.91,82.99,2975212.105,1770767999999,251317963.78963,1118002,1398749.372,118133697.38029,SOLUSDT,2026-02-10,2026-02-10 23:59:59.999
1770768000000,82.99,84.39,78.04,79.3,3814913.32,1770854399999,308205411.26465,1519961,1909861.395,154266257.00822,SOLUSDT,2026-02-11,2026-02-11 23:59:59.999
1770854400000,79.31,82.25,76.6,78.4,3196230.117,1770940799999,254145719.77685,1324436,1622269.948,128982663.06688,SOLUSDT,2026-02-12,2026-02-12 23:59:59.999
1770940800000,78.39,85.63,77.53,84.33,3370390.272,1771027199999,275784441.45232,1245544,1651859.713,135221552.41331,SOLUSDT,2026-02-13,2026-02-13 23:59:59.999
1771027200000,84.34,88.9,84.21,88.06,2698607.215,1771113599999,234370543.10908,771870,1378612.079,119689039.54642,SOLUSDT,2026-02-14,2026-02-14 23:59:59.999
1771113600000,88.06,91.26,84.89,86.16,3929085.4,1771199999999,346250701.78011,1210120,1880755.574,165906867.63736,SOLUSDT,2026-02-15,2026-02-15 23:59:59.999
1771200000000,86.15,86.93,82.55,86.45,3559751.811,1771286399999,302546627.54411,1097748,1807368.413,153613095.6553,SOLUSDT,2026-02-16,2026-02-16 23:59:59.999
1771286400000,86.45,87.69,82.92,85.08,2774655.865,1771372799999,235673494.40328,1064339,1385557.165,117665694.65988,SOLUSDT,2026-02-17,2026-02-17 23:59:59.999
1771372800000,85.09,86.09,80.48,81.61,3137603.97,1771459199999,261289831.6858,1026899,1549834.071,129067557.82814,SOLUSDT,2026-02-18,2026-02-18 23:59:59.999
1771459200000,81.61,82.67,79.61,82.5,2848277.49,1771545599999,231385778.97627,946105,1441047.461,117015965.07576,SOLUSDT,2026-02-19,2026-02-19 23:59:59.999
1771545600000,82.5,85.49,81.77,84.67,3754556.759,1771631999999,314351728.4764,1184887,1792745.473,150107101.72758,SOLUSDT,2026-02-20,2026-02-20 23:59:59.999
1771632000000,84.68,86.72,83.97,85.17,1780748.862,1771718399999,152190722.00216,501200,853621.901,72985051.55797,SOLUSDT,2026-02-21,2026-02-21 23:59:59.999
1771718400000,85.17,85.6,84.73,84.98,411453.923,1771804799999,35007921.13648,96685,211681.889,18013061.90785,SOLUSDT,2026-02-22,2026-02-22 23:59:59.999
